asset,Total Raised,Total supply,Private/Pre-sale,Public sale,R1 type,R1 date,R1 Price,R1 ROI,R1 ATH ROI,R1 Raise,R1 Tokens For Sale,R1 Lock-up,R1 Min/Max personal Cap,R2 type,R2 date,R2 Price,R2 ROI,R2 ATH ROI,R2 Raise,R2 Tokens For Sale,R2 Lock-up,R2 Min/Max personal Cap,R3 type,R3 date,R3 Price,R3 ROI,R3 ATH ROI,R3 Raise,R3 Tokens For Sale,R3 Lock-up,R3 Min/Max personal Cap,R4 type,R4 date,R4 Price,R4 ROI,R4 ATH ROI,R4 Raise,R4 Tokens For Sale,R4 Lock-up,R4 Min/Max personal Cap,R5 type,R5 date,R5 Price,R5 ROI,R5 ATH ROI,R5 Raise,R5 Tokens For Sale,R5 Lock-up,R5 Min/Max personal Cap
solana,25550000,50818096,180150000,8000000,Private ,2018-04,$ 0.04,"1876.43x ( +187,543.1% )","6495.26x ( +649,425.9% )","$ 3,170,000","79,300,000",,,Private/Pre-sale ,2018-06,$ 0.200,"375.29x ( +37,428.6% )","1299.05x ( +129,805.2% )","$ 12,630,000","63,150,000",,,Pre-sale ,2019-07,$ 0.225,"333.59x ( +33,258.8% )","1154.71x ( +115,371.3% )","$ 5,700,000","28,500,000",,,Private/Pre-sale ,2020-01,$ 0.250,"300.23x ( +29,922.9% )","1039.24x ( +103,824.1% )","$ 2,290,000","9,200,000",,,ICO ,2020-03,$ 0.220,"341.17x ( +34,016.9% )","1180.96x ( +117,995.6% )","$ 1,760,000","8,000,000",,
cardano,,4500000000,,,ICO ,2018-01,$ 0.02,"37.11x ( +3,610.7% )","154.33x ( +15,333.1% )",,,,,,,,,,,,,,,,,,,,,,,,,,,,,,,,,,,,,,,,
luna,62000000,72562885,,,ICO ,2019-02,$ 0.800,"81.34x ( +8,034.3% )","149.02x ( +14,802% )","$ 62,000,000",,,,,,,,,,,,,,,,,,,,,,,,,,,,,,,,,,,,,,,
avalanche,18390000,37775219,67800000,138000000,Private ,2019-02,$ 0.330,"154.71x ( +15,371% )","442.93x ( +44,193.4% )","$ 5,940,000","42,900,000",12 months,,Private ,2020-05,$ 0.500,"102.11x ( +10,110.9% )","292.34x ( +29,133.6% )","$ 12,450,000","24,900,000",12 months,,ICO ,2020-07,$ 0.500,"102.11x ( +10,110.9% )","292.34x ( +29,133.6% )",,"6,000,000",12 months,$100 / $25k,ICO ,2020-07,$ 0.850,"60.06x ( +5,906.4% )","171.96x ( +17,096.3% )",,"72,000,000",No lockup,$100 / $5k,ICO ,2020-07,$ 0.500,"102.11x ( +10,110.9% )","292.34x ( +29,133.6% )",,"60,000,000",18 months,$100 / 2.5M
tron,70000000,10190040918,,,ICO ,2017-09,$ 0.0019,"46.24x ( +4,524.1% )","158.09x ( +15,708.6% )","$ 70,000,000",,,,,,,,,,,,,,,,,,,,,,,,,,,,,,,,,,,,,,,
near-protocol,10000000,100000000,,25000000,ICO ,2020-08,$ 0.400,"25.47x ( +2,447.4% )","51.27x ( +5,026.6% )","$ 10,000,000","25,000,000",40-day lock-up,"Min - 500 NEAR, Max - 100k NEAR",ICO ,2020-08,$ 0.340,"29.97x ( +2,897% )","60.31x ( +5,931.3% )",,,1-year linear lock-up,"Min - 500 NEAR, Max - 5M NEAR",ICO ,2020-08,$ 0.290,"35.14x ( +3,413.7% )","70.71x ( +6,971.1% )",,,2-year linear lock-up,"Min - 500 NEAR, Max - 5M NEAR",,,,,,,,,,,,,,,,,,
matic-network,5000000,1000000000,,1900000000,Private/Pre-sale ,2018-12,$ 0.00263,"366.93x ( +36,593% )","1104.89x ( +110,389.4% )",,,"50% unlocked in the first month of TGE, remaining 50% unlocked in the seventh month",,IEO ,2019-04,$ 0.00263,"366.93x ( +36,593% )","1104.89x ( +110,389.4% )","$ 5,000,000","1,900,000,000",,300 USD,,,,,,,,,,,,,,,,,,,,,,,,,,,
leobitfinex,1000000000,98523950,,,Private/Pre-sale ,2019-05,$ 1.00,5.39x ( +439.1% ),8.16x ( +715.8% ),"$ 1,000,000,000",,,,,,,,,,,,,,,,,,,,,,,,,,,,,,,,,,,,,,,
algorand,60402219,721727137,,25000000,ICO ,2019-06,$ 2.40,0.3x ( -69.6% ),1.96x ( +96.1% ),"$ 60,402,219","25,000,000",,,,,,,,,,,,,,,,,,,,,,,,,,,,,,,,,,,,,,
chainlink,32000000,100000000,,,ICO ,2017-09,$ 0.110,"92x ( +9,100.5% )","480.7x ( +47,969.8% )","$ 32,000,000",,,No / 7 ETH,,,,,,,,,,,,,,,,,,,,,,,,,,,,,,,,,,,,
cosmos,,29258616,,,Private/Pre-sale ,2017-03,$ 0.075,"209.67x ( +20,867.4% )","597.23x ( +59,623.1% )",,,,,ICO ,2017-04,$ 0.100,"157.26x ( +15,625.5% )","447.92x ( +44,692.3% )",,,,,,,,,,,,,,,,,,,,,,,,,,,,,,,
bit-dao,609261197,1000000000,,200000000,Private/Pre-sale ,2021-06,,,,"$ 230,000,000",,Vested linearly over 12 months.,,IDO ,2021-08,$ 1.42,0.7x ( -29.5% ),2.18x ( +117.6% ),"$ 379,261,197","200,000,000",,,,,,,,,,,,,,,,,,,,,,,,,,,,,
hedera-hashgraph,100000000,5000000000,,833333333,ICO ,2018-08,$ 0.120,1.04x ( +4.28% ),4.73x ( +372.5% ),"$ 100,000,000","833,333,333",,,,,,,,,,,,,,,,,,,,,,,,,,,,,,,,,,,,,,
filecoin,257000000,196983319,,,ICO ,2017-09,$ 5.00,2.58x ( +158.3% ),"47.45x ( +4,644.6% )","$ 257,000,000",,,,,,,,,,,,,,,,,,,,,,,,,,,,,,,,,,,,,,,
elrond-gold,5150000,2364084,3800000000,5000000000,Private ,2018-12,$ 0.500,"225.13x ( +22,412.8% )","1083.98x ( +108,298% )","$ 1,900,000","3,800,000,000",,,IEO ,2019-07,$ 0.650,"173.18x ( +17,217.5% )","833.83x ( +83,283.1% )","$ 3,250,000","5,000,000,000",,"Allocation Per Winning Ticket	300 USD (461,538.46 ERD)",,,,,,,,,,,,,,,,,,,,,,,,,,,
sandbox,5455440,300000000,635400000,360000000,IEO ,2020-08,$ 0.00833,"238.15x ( +23,714.9% )","1003.61x ( +100,261.4% )","$ 3,000,000","360,000,000",No lockup,Min = 200 USD or 24000 SAND,,,,,,,,,,,,,,,,,,,,,,,,,,,,,,,,,,,,
axie-infinity,2970000,27000000,10800000,29700000,IEO ,2020-11,$ 0.100,"300.26x ( +29,925.6% )","1645.99x ( +164,498.9% )","$ 2,970,000","29,700,000",No lockup,"Allocation Per Winning Ticket: 200 USD (2,000 AXS)",,,,,,,,,,,,,,,,,,,,,,,,,,,,,,,,,,,,
tezos,230533089,89559212,,,ICO ,2017-07,$ 0.470,5.46x ( +445.7% ),"25.93x ( +2,493.5% )","$ 230,533,089",,,,,,,,,,,,,,,,,,,,,,,,,,,,,,,,,,,,,,,
theta-token,20000000,100000000,,,ICO ,2018-01,$ 0.120,"17.35x ( +1,634.9% )","135.75x ( +13,474.8% )","$ 20,000,000",,,1 ETH / TBA,,,,,,,,,,,,,,,,,,,,,,,,,,,,,,,,,,,,
the-graph,25700000,1000000000,3600000000,400000000,ICO ,2020-10,$ 0.03,9.83x ( +882.6% ),"95.39x ( +9,439.1% )","$ 13,000,000","400,000,000",No lockup,"min $1,000 / max $5,000",,,,,,,,,,,,,,,,,,,,,,,,,,,,,,,,,,,,
decentraland,24137000,219367612,,,ICO ,2017-08,$ 0.024,"54.93x ( +5,392.6% )","243.72x ( +24,272.3% )","$ 24,137,000",,,,,,,,,,,,,,,,,,,,,,,,,,,,,,,,,,,,,,,
eos,4196874404,102346243,,,ICO ,2018-06,$ 0.990,1.98x ( +98% ),"23.12x ( +2,212.2% )","$ 4,196,874,404",,,,,,,,,,,,,,,,,,,,,,,,,,,,,,,,,,,,,,,
bittorrent-new,26500000,99000000000000,,,Private/Pre-sale ,2018-12,$ 1.77e-7,"11.04x ( +1,004.4% )","15.25x ( +1,425.4% )","$ 19,300,000",,,,IEO ,2019-01,$ 1.20e-7,"16.29x ( +1,528.9% )","22.5x ( +2,150% )","$ 7,200,000",,,,,,,,,,,,,,,,,,,,,,,,,,,,,,
thor-chain,2300000,50000000,130000000,20000000,IEO ,2019-07,$ 0.032,"177.27x ( +17,626.9% )","662.71x ( +66,171.4% )","$ 320,000","10,000,000",No lockup,,IEO ,2019-07,$ 0.038,"149.28x ( +14,827.9% )","558.08x ( +55,707.5% )","$ 380,000","10,000,000",No lockup,,,,,,,,,,,,,,,,,,,,,,,,,,,,
klaytn,,1071986963,,,Private ,2018-12,$ 0.03,"20.36x ( +1,935.9% )","145.07x ( +14,407.3% )",,,,,Private ,2019-04,$ 0.08,7.63x ( +663.5% ),"54.4x ( +5,340.2% )",,,,,,,,,,,,,,,,,,,,,,,,,,,,,,,
fantom,37400000,317500000,,,ICO ,2018-06,$ 0.0438,"15.16x ( +1,415.5% )","79.17x ( +7,816.6% )",,,,,Private/Pre-sale ,2018-06,$ 0.0438,"15.16x ( +1,415.5% )","79.17x ( +7,816.6% )","$ 37,400,000",,3 months,,,,,,,,,,,,,,,,,,,,,,,,,,,,
stepn,9200000,600000000,978000000,420000000,IEO ,2022-03,$ 0.01,"262.85x ( +26,184.9% )","410.17x ( +40,917.4% )","$ 4,200,000","420,000,000",No lockup,Max $15000 per user,,,,,,,,,,,,,,,,,,,,,,,,,,,,,,,,,,,,
flow,19500000,137206676,,,ICO ,2020-10,$ 0.380,"11.04x ( +1,003.8% )","114.08x ( +11,308.1% )",,,"1 year lock-up, after which fully unlocked",Min bid - $50,ICO ,2020-10,$ 0.100,"41.94x ( +4,094.5% )","433.51x ( +43,251% )","$ 19,500,000",,"50% of tokens become freely transferable after a one year cliff, the remaining 50% vest on a monthly basis over the following year","up to $1,000",,,,,,,,,,,,,,,,,,,,,,,,,,,
huobi-token,300000000,50000000,,,ICO ,2018-02,$ 1.52,5.65x ( +464.7% ),"26.23x ( +2,522.9% )","$ 300,000,000",,,100 USD / 100000 USD,,,,,,,,,,,,,,,,,,,,,,,,,,,,,,,,,,,,
waves,,10000000,,,ICO ,2018-05,$ 0.188,"68.66x ( +6,765.9% )","333.5x ( +33,249.8% )",,,,,,,,,,,,,,,,,,,,,,,,,,,,,,,,,,,,,,,,
quant,15000000,1461249,,,ICO ,2018-04,$ 1.51,"55.35x ( +5,434.6% )","281.42x ( +28,041.9% )","$ 15,000,000",,,1 ETH / TBA,,,,,,,,,,,,,,,,,,,,,,,,,,,,,,,,,,,,
zilliqa,22000000,2100000000,,,ICO ,2018-01,$ 0.0038,"19.95x ( +1,895.4% )","67.64x ( +6,664.2% )","$ 22,000,000",,,2 ETH / 5 ETH,,,,,,,,,,,,,,,,,,,,,,,,,,,,,,,,,,,,
nexo,52500000,100000000,,,ICO ,2018-04,$ 0.100,"18.28x ( +1,727.5% )","40.39x ( +3,938.5% )","$ 52,500,000",,,,,,,,,,,,,,,,,,,,,,,,,,,,,,,,,,,,,,,
arweave,8700000,6459864,,,ICO ,2018-06,$ 0.720,"27.46x ( +2,645.7% )","125.89x ( +12,489.4% )","$ 8,700,000",,,,,,,,,,,,,,,,,,,,,,,,,,,,,,,,,,,,,,,
synthetix,30000000,25962650,,,ICO ,2018-02,$ 0.670,6.28x ( +528.2% ),"42.98x ( +4,198.3% )","$ 30,000,000",,,No / 5000 USD,,,,,,,,,,,,,,,,,,,,,,,,,,,,,,,,,,,,
gatechain-token,83000000,30000000,,,IEO ,2019-04,$ 0.400,"15.41x ( +1,441.5% )","32.77x ( +3,177.4% )","$ 83,000,000",,,,,,,,,,,,,,,,,,,,,,,,,,,,,,,,,,,,,,,
enjin-coin,22959609,100000000,,,ICO ,2017-11,$ 0.0512,"18.88x ( +1,788.4% )","95.15x ( +9,414.9% )","$ 22,959,609",,,,,,,,,,,,,,,,,,,,,,,,,,,,,,,,,,,,,,,
harmony,5000000,1315604484,,1575000000,Private/Pre-sale ,2018-12,$ 0.0065,10.99x ( +999.2% ),"58.27x ( +5,726.8% )",,,,,IEO ,2019-05,$ 0.00317,"22.5x ( +2,150.2% )","119.29x ( +11,828.9% )","$ 5,000,000","1,575,000,000",,depends on BNB holdings.,,,,,,,,,,,,,,,,,,,,,,,,,,,
basic-attention-token,,150000000,,,ICO ,2017-05,$ 0.04,"13.84x ( +1,283.5% )","48.48x ( +4,747.9% )",,,,,,,,,,,,,,,,,,,,,,,,,,,,,,,,,,,,,,,,
blockstack,28000000,135246460,78333333,62000000,ICO ,2019-09,$ 0.300,2.62x ( +161.7% ),10.68x ( +967.7% ),"$ 18,600,000","62,000,000",,,,,,,,,,,,,,,,,,,,,,,,,,,,,,,,,,,,,,
loopring,,137387343,,,ICO ,2017-08,$ 0.06,"11.1x ( +1,010.2% )","63.02x ( +6,202% )",,,,,,,,,,,,,,,,,,,,,,,,,,,,,,,,,,,,,,,,
celsius,50000000,69344350,,,ICO ,2018-03,$ 0.300,6.29x ( +529.1% ),"26.73x ( +2,573.5% )","$ 50,000,000",,,,,,,,,,,,,,,,,,,,,,,,,,,,,,,,,,,,,,,
mina-protocol,48150000,91601945,,75000000,ICO ,2021-04,$ 0.250,6.48x ( +548.3% ),"26.03x ( +2,503.2% )","$ 18,750,000","75,000,000","Tokens unlock May 31, 2021",$50 / $500,,,,,,,,,,,,,,,,,,,,,,,,,,,,,,,,,,,,
celo,46000000,100000000,,10000000,Private ,2018-01,$ 0.180,"12.52x ( +1,152.2% )","53.1x ( +5,209.6% )","$ 6,000,000",,,,Private ,2019-01,$ 1.00,2.25x ( +125.4% ),9.56x ( +855.7% ),"$ 30,000,000",,4 Years Vesting,,ICO ,2020-05,$ 1.00,2.25x ( +125.4% ),9.56x ( +855.7% ),"$ 10,000,000","10,000,000",,Min 100 USD,,,,,,,,,,,,,,,,,,
holo,20388500,17761943354,,,ICO ,2018-04,$ 0.0002,"18.96x ( +1,795.7% )","156.47x ( +15,547.1% )","$ 20,388,500",,,0.1 ETH / TBA,,,,,,,,,,,,,,,,,,,,,,,,,,,,,,,,,,,,
kava,8480750,19331474,40000000,6521739,Private ,2019-06,$ 0.075,"45.21x ( +4,421.2% )","121.96x ( +12,096.3% )","$ 2,253,750","30,050,000",1 year cliff with quarterly releases over 2 years,,Private ,2019-07,$ 0.250,"13.56x ( +1,256.3% )","36.59x ( +3,558.9% )","$ 1,255,000","5,020,000",6 month cliff with quarterly releases over 2 years,,Private ,2019-08,$ 0.400,8.48x ( +747.7% ),"22.87x ( +2,186.8% )","$ 1,972,000","4,930,000",6 month cliff with quarterly releases over 2 years,,IEO ,2019-10,$ 0.460,7.37x ( +637.1% ),"19.89x ( +1,888.5% )","$ 3,000,000","6,521,739",Token Distribution within 15 days after end of token sale,,,,,,,,,,
anchor-protocol,100000000,100000000,,,IDO ,2021-03,$ 0.05,"31.86x ( +3,085.6% )","166.21x ( +16,520.9% )",,,,,,,,,,,,,,,,,,,,,,,,,,,,,,,,,,,,,,,,
kadena,35150000,100000000,10800000,30000000,ICO ,2019-11,$ 0.500,6.19x ( +518.8% ),"56.01x ( +5,501.2% )","$ 10,000,000","20,000,000",one year lockup,,ICO ,2019-11,$ 1.00,3.09x ( +209.4% ),"28.01x ( +2,700.6% )","$ 10,000,000","10,000,000",no lockup,,,,,,,,,,,,,,,,,,,,,,,,,,,,
glimmer,31900000,101839052,260000000,100000000,ICO ,2021-09,$ 0.250,8.42x ( +742.1% ),"102.63x ( +10,163.4% )","$ 24,500,000","100,000,000",40-day lock with no vesting schedule,,,,,,,,,,,,,,,,,,,,,,,,,,,,,,,,,,,,,
gnosis-gno,,1000000,,,ICO ,2017-04,$ 25.51,10.71x ( +970.7% ),"25.6x ( +2,460.2% )",,,,,,,,,,,,,,,,,,,,,,,,,,,,,,,,,,,,,,,,
0x,24000000,100000000,,,ICO ,2017-08,$ 0.048,"12.87x ( +1,186.7% )","52.74x ( +5,173.8% )","$ 24,000,000",,,,,,,,,,,,,,,,,,,,,,,,,,,,,,,,,,,,,,,
oasis-network,45000000,1000000000,,31500000,,,,,,,,,,,,,,,,,,,,,,,,,,,,,,,,,,,,,,,,,,,,,
omisego,25000000,14024539,,,ICO ,2017-06,$ 0.350,10.86x ( +986.4% ),"81.01x ( +8,000.5% )","$ 25,000,000",,,,,,,,,,,,,,,,,,,,,,,,,,,,,,,,,,,,,,,
serum,1020000,109284498,,6000000,IEO ,2020-08,$ 0.170,9.87x ( +887% ),"82.22x ( +8,122.5% )","$ 510,000","3,000,000",Locked till Aug 11,Min 5000 SRM,IEO ,2020-08,$ 0.170,9.87x ( +887% ),"82.22x ( +8,122.5% )","$ 510,000","3,000,000",Locked till Aug 11,Min 2500 SRM,,,,,,,,,,,,,,,,,,,,,,,,,,,
iostoken,31255000,2318978393,,,ICO ,2018-01,$ 0.01,2.14x ( +114.3% ),"13.65x ( +1,265% )","$ 31,255,000",,,,,,,,,,,,,,,,,,,,,,,,,,,,,,,,,,,,,,,
iotex,14025000,949626682,,,ICO ,2018-02,$ 0.007,7.38x ( +638.1% ),"38.19x ( +3,719.5% )","$ 14,025,000",,,,,,,,,,,,,,,,,,,,,,,,,,,,,,,,,,,,,,,
bancor,153000000,26525857,,,ICO ,2017-06,$ 3.92,0.47x ( -53.5% ),2.82x ( +181.9% ),"$ 153,000,000",,,,,,,,,,,,,,,,,,,,,,,,,,,,,,,,,,,,,,,
icon,42750000,92969993,,,ICO ,2017-09,$ 0.110,5.68x ( +467.6% ),"114.9x ( +11,389.7% )","$ 42,750,000",,,0.01 ETH / 30 ETH,,,,,,,,,,,,,,,,,,,,,,,,,,,,,,,,,,,,
just,4866840,990000000,1089000000,396000000,Private ,2020-02,$ 0.003,"21.28x ( +2,028.3% )","71.61x ( +7,060.9% )","$ 4,066,920","1,089,000,000",,,IEO ,2020-05,$ 0.00202,"31.61x ( +3,060.9% )","106.35x ( +10,535% )","$ 799,920","396,000,000",,100/5000 USD,,,,,,,,,,,,,,,,,,,,,,,,,,,
skale,5000000,470671502,,167139884,ICO ,2020-09,$ 0.03,4.39x ( +339.2% ),"40.99x ( +3,999.1% )","$ 5,000,000","167,139,884",60 Days,"Maximum: $1,153",,,,,,,,,,,,,,,,,,,,,,,,,,,,,,,,,,,,
ankr-network,15950000,1000000000,3000000000,500000000,Private/Pre-sale ,2018-07,$ 0.0044,"12.69x ( +1,168.6% )","50.63x ( +4,963.5% )","$ 15,950,000","3,000,000,000",6 months,,ICO ,2018-09,$ 0.0066,8.46x ( +745.7% ),"33.76x ( +3,275.6% )",,"500,000,000",,,,,,,,,,,,,,,,,,,,,,,,,,,,,
ecomi,780000,75000000000,,780000,IEO ,2019-05,$ 0.000078,"25.3x ( +2,430.3% )","171.54x ( +17,054% )","$ 780,000","780,000",,"The minimum order amount for a single account is 0.02 BTC equivalent OMI, max cap is 0.5 BTC",,,,,,,,,,,,,,,,,,,,,,,,,,,,,,,,,,,,
swipe,12000000,52439593,19575000,40425000,ICO ,2019-08,$ 0.200,4.36x ( +336% ),"29.82x ( +2,882.4% )","$ 8,085,000","40,425,000",,,Private ,2019-08,$ 0.200,4.36x ( +336% ),"29.82x ( +2,882.4% )","$ 3,915,000","19,575,000",,,,,,,,,,,,,,,,,,,,,,,,,,,,,
astar-network,2600000,724618305,,800000,IEO ,2022-01,$ 0.250,0.49x ( -51.3% ),1.68x ( +68.4% ),"$ 200,000","800,000",100% unlock,,,,,,,,,,,,,,,,,,,,,,,,,,,,,,,,,,,,,
constellation,,355000000,,,ICO ,2018-06,$ 0.0345,4.47x ( +347.2% ),"13.06x ( +1,205.8% )",,,,,,,,,,,,,,,,,,,,,,,,,,,,,,,,,,,,,,,,
apenft,2400000,99999000000000,,19999800000000,IEO ,2021-05,$ 7.20e-8,"18.17x ( +1,717.3% )","119.17x ( +11,816.7% )","$ 288,000","3,999,960,000,000",,,IEO ,2021-05,$ 1.32e-7,9.91x ( +891.3% ),"65x ( +6,400% )","$ 2,112,000","15,999,840,000,000",,,,,,,,,,,,,,,,,,,,,,,,,,,,,
ontology,,100000000,,,ICO ,2018-01,$ 0.200,2.07x ( +106.7% ),"55.88x ( +5,488.3% )",,,,,,,,,,,,,,,,,,,,,,,,,,,,,,,,,,,,,,,,
wax,9600000,377030332,,,ICO ,2017-11,$ 0.320,0.56x ( -44.4% ),"15.66x ( +1,466.3% )","$ 9,600,000",,,No / No,,,,,,,,,,,,,,,,,,,,,,,,,,,,,,,,,,,,
swissborg,50000000,100000000,,,ICO ,2018-01,$ 0.100,3.51x ( +251.4% ),"16.47x ( +1,547.4% )","$ 50,000,000",,,,,,,,,,,,,,,,,,,,,,,,,,,,,,,,,,,,,,,
nucypher,15850000,388539008,390000000,,Private ,2016-09,,,,"$ 750,000",,,,Private ,2017-12,$ 0.0142,"19.33x ( +1,833.3% )","166.55x ( +16,555.3% )","$ 4,400,000","310,000,000",,,Private ,2019-07,$ 0.130,2.11x ( +111.2% ),"18.19x ( +1,719.3% )","$ 10,700,000","80,000,000",,,,,,,,,,,,,,,,,,,,
immutable-x,42480000,200000000,285200000,106000000,IEO ,2021-11,$ 0.160,8.43x ( +743.1% ),"59.51x ( +5,851.2% )","$ 960,000","6,000,000",,200$ max.,,,,,,,,,,,,,,,,,,,,,,,,,,,,,,,,,,,,
rally,,1500000000,,40000000,ICO ,2021-04,$ 0.600,0.19x ( -80.7% ),2.34x ( +133.7% ),,"40,000,000","12 month linear release with a 6 month cliff. 50% of tokens release on October 4, 2021, after which tokens continue to unlock linearly on a monthly basis",$100 / $1000,,,,,,,,,,,,,,,,,,,,,,,,,,,,,,,,,,,,
aleph-zero,14850000,30000000,100000000,100000000,ICO ,2021-10,$ 0.100,"16.66x ( +1,566.5% )","30.87x ( +2,986.9% )","$ 10,000,000","100,000,000",No lockup,,,,,,,,,,,,,,,,,,,,,,,,,,,,,,,,,,,,,
project-galaxy,15000000,20000000,,10000000,ICO ,2022-02,$ 1.50,5.87x ( +487.2% ),"13.75x ( +1,274.8% )","$ 15,000,000","10,000,000","12-month weekly linear unlock starting on or around April 14, 2022",Min: $100;  Max: $500,,,,,,,,,,,,,,,,,,,,,,,,,,,,,,,,,,,,
nervos,97487295,3360000000,,,Private/Pre-sale ,2018-07,$ 0.006,1.4x ( +40.4% ),7.9x ( +689.9% ),"$ 28,000,000",,,,ICO ,2019-10,$ 0.01,0.84x ( -15.7% ),4.74x ( +374% ),"$ 69,487,295",,,min - $1 000,,,,,,,,,,,,,,,,,,,,,,,,,,,
casper,73900000,1085161212,,1700000000,ICO ,2021-03,$ 0.03,1.93x ( +92.8% ),"679.7x ( +67,869.7% )","$ 12,000,000","400,000,000",40 days,$100 / $5K,ICO ,2021-03,$ 0.02,2.89x ( +189.2% ),"1019.55x ( +101,854.5% )","$ 8,000,000","400,000,000",6 months,$50K / $250K,ICO ,2021-03,$ 0.015,3.86x ( +285.6% ),"1359.39x ( +135,839.4% )","$ 12,000,000","800,000,000",12 months,$100 / $1K,ICO ,2021-04,$ 0.015,3.86x ( +285.6% ),"1359.39x ( +135,839.4% )","$ 1,500,000","100,000,000","12 months, 6-month post-lockup release",$100,,,,,,,,,
illuvium,5000000,700000,2000000,1000000,IDO ,2021-03,$ 50.00,8.38x ( +737.5% ),"38.31x ( +3,730.9% )",,"1,000,000",,,,,,,,,,,,,,,,,,,,,,,,,,,,,,,,,,,,,,
dao-token,4500000,27752400,,45000000,IEO ,2021-01,$ 0.100,"27.74x ( +2,673.7% )","87.3x ( +8,630.3% )","$ 300,000","3,000,000",,,,,,,,,,,,,,,,,,,,,,,,,,,,,,,,,,,,,,
polymath-network,96194697,100000000,,,ICO ,2018-01,$ 0.400,0.75x ( -25.1% ),4.14x ( +314.5% ),"$ 96,194,697",,,,,,,,,,,,,,,,,,,,,,,,,,,,,,,,,,,,,,,
republic-protocol,34299022,100000000,,,ICO ,2018-02,$ 0.0571,4.58x ( +358.4% ),"31.89x ( +3,088.5% )","$ 34,299,022",,,TBA / 1 ETH max for first 5 hours,,,,,,,,,,,,,,,,,,,,,,,,,,,,,,,,,,,,
radio-caca,72355,43141823327,,100000000,IEO ,2021-08,$ 0.000724,1.14x ( +13.8% ),"16.47x ( +1,547.1% )","$ 72,355","100,000,000",,,,,,,,,,,,,,,,,,,,,,,,,,,,,,,,,,,,,,
mxc,,266496580,,,Private/Pre-sale ,2018-09,$ 0.015,6.8x ( +579.8% ),9.01x ( +801.3% ),,,,,ICO ,2018-10,$ 0.015,6.8x ( +579.8% ),9.01x ( +801.3% ),,,,,,,,,,,,,,,,,,,,,,,,,,,,,,,
telcoin,25000000,10000000000,,,ICO ,2017-12,$ 0.0013,2.82x ( +182.2% ),"50.01x ( +4,901.1% )","$ 25,000,000",,,0.1 ETH / No,,,,,,,,,,,,,,,,,,,,,,,,,,,,,,,,,,,,
wink-token,16000000,99900000000,149850000000,49950000000,IEO ,2019-07,$ 0.00012,1.97x ( +96.6% ),"24.6x ( +2,359.6% )","$ 6,000,000","49,950,000,000",,"Allocation Per Winning Ticket	30 USD (249,750 WIN)",,,,,,,,,,,,,,,,,,,,,,,,,,,,,,,,,,,,
e-radix,12700000,64200000,,642000000,,,,,,,,,,,,,,,,,,,,,,,,,,,,,,,,,,,,,,,,,,,,,
persistence,3700000,13683417,24000000,1000000,IEO ,2021-03,$ 0.400,5.08x ( +408.1% ),"41.45x ( +4,045.3% )",,"1,000,000",,$400,,,,,,,,,,,,,,,,,,,,,,,,,,,,,,,,,,,,
wazirx,2900000,100000000,50000000,100000000,IEO ,2020-02,$ 0.02,"22.19x ( +2,118.8% )","316.49x ( +31,549.5% )","$ 2,000,000","100,000,000",,,,,,,,,,,,,,,,,,,,,,,,,,,,,,,,,,,,,,
injective-protocol,7100000,10000000,22670000,9000000,IEO ,2020-10,$ 0.400,8.89x ( +789.3% ),"62.78x ( +6,178.2% )","$ 3,600,000","9,000,000",No lockup,Allocation per winning ticket: 200 USD,,,,,,,,,,,,,,,,,,,,,,,,,,,,,,,,,,,,
keep-network,30000000,100000000,,,,,,,,,,,,,,,,,,,,,,,,,,,,,,,,,,,,,,,,,,,,,,,
medibloc,21271251,859197506,,,ICO ,2017-12,$ 0.0088,4.13x ( +312.9% ),"39.98x ( +3,898.5% )","$ 21,271,251",,,No / No,,,,,,,,,,,,,,,,,,,,,,,,,,,,,,,,,,,,
coin-98,16250000,100000000,200000000,50000000,IEO ,2021-07,$ 0.075,"13.46x ( +1,245.9% )","84.81x ( +8,381.3% )","$ 3,750,000","50,000,000",,$20000,,,,,,,,,,,,,,,,,,,,,,,,,,,,,,,,,,,,
coti,19016000,200000000,200200000,46152000,Private/Pre-sale ,2018-06,$ 0.08,2.23x ( +122.8% ),8.38x ( +738.1% ),"$ 16,016,000","200,200,000",,,IEO ,2019-06,$ 0.065,2.74x ( +174.2% ),10.32x ( +931.5% ),"$ 3,000,000","46,152,000",,Allocation Per Winning Ticket: 500 USD (7692 COTI),,,,,,,,,,,,,,,,,,,,,,,,,,,
holoride,6000000,100000000,200000000,50000000,IDO ,2021-11,$ 0.04,"22.16x ( +2,116.2% )","49.05x ( +4,804.8% )","$ 2,000,000","50,000,000",No lockup,,,,,,,,,,,,,,,,,,,,,,,,,,,,,,,,,,,,,
status,107664907,680487017,,,ICO ,2017-06,$ 0.037,1.25x ( +24.6% ),"18.27x ( +1,726.9% )","$ 107,664,907",,,,,,,,,,,,,,,,,,,,,,,,,,,,,,,,,,,,,,,
dent,,10000000000,,,ICO ,2017-07,$ 0.0006,3.16x ( +215.9% ),"185.66x ( +18,466.2% )",,,,,,,,,,,,,,,,,,,,,,,,,,,,,,,,,,,,,,,,
orbs,,1000000000,,,Private/Pre-sale ,2018-04,$ 0.100,0.61x ( -39.3% ),3.6x ( +259.6% ),,,,,ICO ,2018-05,$ 0.100,0.61x ( -39.3% ),3.6x ( +259.6% ),,,,,,,,,,,,,,,,,,,,,,,,,,,,,,,
origin-protocol,38110000,100000000,281300000,,Private ,2017-11,$ 0.0685,5.43x ( +442.8% ),"49.58x ( +4,858.2% )","$ 3,000,000","43,800,000",,,Private/Pre-sale ,2018-04,$ 0.120,3.1x ( +209.9% ),"28.3x ( +2,730.3% )","$ 28,510,000","237,500,000",,,ICO ,2018-07,$ 0.136,2.73x ( +172.6% ),"24.9x ( +2,390% )","$ 6,600,000",,,,,,,,,,,,,,,,,,,,,
chromia,2000000,56736943,179600000,40000000,Private/Pre-sale ,2018-08,$ 0.058,5.27x ( +427.1% ),"25.78x ( +2,478% )",,"179,600,000",,,IEO ,2019-05,$ 0.05,6.11x ( +511.4% ),"29.91x ( +2,890.5% )","$ 2,000,000","40,000,000",,"Allocation Per Winning Ticket: 500 USD = 10,000 CHR = 455 KCS",,,,,,,,,,,,,,,,,,,,,,,,,,,
fetch-ai,23000000,115299757,,69205152,Private/Pre-sale ,2018-09,$ 0.0527,4.67x ( +366.6% ),"22.05x ( +2,105.3% )","$ 17,000,000",,,,IEO ,2019-02,$ 0.0867,2.83x ( +183.5% ),"13.4x ( +1,239.7% )","$ 6,000,000","69,205,152",,20$ / 3000$,,,,,,,,,,,,,,,,,,,,,,,,,,,
celer-network,34000000,1000000000,1500000000,600000000,Private/Pre-sale ,2018-07,$ 0.015,2.06x ( +105.7% ),"13.2x ( +1,219.9% )","$ 30,000,000","1,500,000,000",9 months vesting starts from private sale closing. 1/3 every 3 months.,,IEO ,2019-03,$ 0.0067,4.61x ( +360.5% ),"29.55x ( +2,855.1% )","$ 4,000,000","600,000,000",,$20-$1500,,,,,,,,,,,,,,,,,,,,,,,,,,,
xyo-network,12000000,1393122607,,,ICO ,2018-05,$ 0.0072,1.85x ( +84.7% ),"11.41x ( +1,040.6% )","$ 12,000,000",,,,,,,,,,,,,,,,,,,,,,,,,,,,,,,,,,,,,,,
sifchain,4600000,154621706,325000000,,ICO ,2021-02,$ 0.03,4.5x ( +350.2% ),"46.61x ( +4,561.4% )",,,,,,,,,,,,,,,,,,,,,,,,,,,,,,,,,,,,,,,,
civic,33000000,100000000,,,ICO ,2016-06,$ 0.100,2.44x ( +143.6% ),"16.62x ( +1,562.1% )","$ 33,000,000",,,,,,,,,,,,,,,,,,,,,,,,,,,,,,,,,,,,,,,
power-ledger,13240000,100000000,,,ICO ,2017-10,$ 0.0838,4.49x ( +349.2% ),"24x ( +2,300% )","$ 13,240,000",,,,,,,,,,,,,,,,,,,,,,,,,,,,,,,,,,,,,,,
tribe-fei-protocol,,100000000,,200000000,ICO ,2021-04,,,,,"200,000,000",,,,,,,,,,,,,,,,,,,,,,,,,,,,,,,,,,,,,,
mask-network,,10000000,,,ICO ,2021-02,$ 0.950,3.61x ( +260.5% ),"39.29x ( +3,829.1% )",,,,,,,,,,,,,,,,,,,,,,,,,,,,,,,,,,,,,,,,
aurora-evm,5774689,100000000,,1011495,IEO ,2021-11,$ 8.70,0.79x ( -20.9% ),4.09x ( +308.6% ),"$ 100,000","11,495",,,IDO ,2021-11,$ 8.19,0.84x ( -16% ),4.34x ( +334% ),"$ 5,324,689","650,000",,,IDO ,2021-11,$ 1.00,6.88x ( +588.3% ),"35.55x ( +3,454.9% )","$ 300,000","300,000",100% unlocked at TGE,,IDO ,2021-11,$ 1.00,6.88x ( +588.3% ),"35.55x ( +3,454.9% )","$ 50,000","50,000",100% unlocked at TGE,,,,,,,,,,
weway,2400000,1000000000,600000000,120000000,IDO ,2022-01,$ 0.005,"11.72x ( +1,072.4% )","14.5x ( +1,350.2% )","$ 300,000","60,000,000","10% unlock at TGE, 1m further cliff, vesting for 5 months",,IDO ,2022-01,$ 0.005,"11.72x ( +1,072.4% )","14.5x ( +1,350.2% )","$ 300,000","60,000,000","10% unlock at TGE, 1m further cliff, vesting for 5 months",,,,,,,,,,,,,,,,,,,,,,,,,,,,
api-3,26000000,11267520,10000000,20000000,ICO ,2020-12,$ 2.00,1.55x ( +54.9% ),5.21x ( +420.6% ),"$ 23,000,000","20,000,000",,,,,,,,,,,,,,,,,,,,,,,,,,,,,,,,,,,,,,
ocean-protocol,5640000,61309914,,,Private/Pre-sale ,2019-03,$ 0.250,1.44x ( +44% ),7.75x ( +675.2% ),,,,,IEO ,2019-05,$ 0.120,3x ( +200% ),"16.15x ( +1,514.9% )","$ 5,640,000",,,0.365 / 1.825 ETH,,,,,,,,,,,,,,,,,,,,,,,,,,,
c2x,,200000000,,,IEO ,2022-03,$ 0.08,"24.52x ( +2,352% )","59.97x ( +5,896.8% )",,,,,,,,,,,,,,,,,,,,,,,,,,,,,,,,,,,,,,,,
perpetual-protocol,2300000,15000000,28750000,7500000,ICO ,2020-09,,,,,"7,500,000",No lockup,,,,,,,,,,,,,,,,,,,,,,,,,,,,,,,,,,,,,
milk,13939000,98624541,130000000,,,,,,,,,,,,,,,,,,,,,,,,,,,,,,,,,,,,,,,,,,,,,,
ultra,5000000,100000000,,100000000,IEO ,2019-07,$ 0.05,"11.01x ( +1,000.7% )","49.64x ( +4,864.2% )","$ 5,000,000","100,000,000",,20-5000 USD,,,,,,,,,,,,,,,,,,,,,,,,,,,,,,,,,,,,
crypto-com-mco,26700000,3158768,,,ICO ,2017-06,$ 2.89,3.24x ( +223.8% ),"24.63x ( +2,363.1% )","$ 26,700,000",,,,,,,,,,,,,,,,,,,,,,,,,,,,,,,,,,,,,,,
league-of-kingdoms,4000000,14624230,,25000000,IEO ,2022-01,$ 0.160,"15.82x ( +1,482.1% )","33.44x ( +3,243.6% )","$ 4,000,000","25,000,000",No lockup,Hard Cap Per User: $15000,,,,,,,,,,,,,,,,,,,,,,,,,,,,,,,,,,,,
maple-finance,1300000,1000000,2600000,500000,IEO ,2021-05,$ 5.00,7.61x ( +660.7% ),"13.64x ( +1,263.9% )",,"500,000",,,,,,,,,,,,,,,,,,,,,,,,,,,,,,,,,,,,,,
cartesi,2300000,100000000,76700000,100000000,Private ,2017-08,$ 0.005,"50.04x ( +4,903.5% )","349.08x ( +34,808.3% )","$ 100,000","20,000,000",12 month cliff; 14.3% unlocks every quarter afterwards,,Private/Pre-sale ,2019-05,$ 0.01,"25.02x ( +2,401.8% )","174.54x ( +17,354.2% )","$ 500,000","50,000,000",12-month cliff; 11.1% unlocks every quarter afterwards,,Private/Pre-sale ,2019-12,$ 0.03,8.34x ( +733.9% ),"58.18x ( +5,718.1% )","$ 200,000","6,700,000",,,IEO ,2020-04,$ 0.015,"16.68x ( +1,567.8% )","116.36x ( +11,536.1% )","$ 1,500,000","100,000,000",,200 USD ≈ 13333.33 CTSI,,,,,,,,,
stepapp,2750000,500000000,,561224490,IDO ,2022-04,$ 0.0049,"116.51x ( +11,550.8% )","148.3x ( +14,730.2% )","$ 2,750,000","561,224,490","10% at TGE, 90 days cliff then 5% monthly",,,,,,,,,,,,,,,,,,,,,,,,,,,,,,,,,,,,,
my-neighbor-alice,2200000,10000000,21000000,800000,IDO ,2021-02,$ 0.125,"35.8x ( +3,480.2% )","318.43x ( +31,742.8% )","$ 100,000","800,000",No Lock-up,SHO Individual Cap: $500,,,,,,,,,,,,,,,,,,,,,,,,,,,,,,,,,,,,
reserve-rights-token,5000000,10000000000,1000000000,3000000000,Private/Pre-sale ,2018-12,$ 0.002,3.99x ( +299% ),"59.38x ( +5,838% )","$ 2,000,000","1,000,000,000",,,IEO ,2019-05,$ 0.0011,7.25x ( +625.4% ),"107.96x ( +10,696.5% )","$ 3,000,000","3,000,000,000",,"Individual cap is proportional to lowest daily HT holdings over 7 days period before launch date, please see the following reference table for more info (May 15, 00:00:00 to May 21, 23:59:59):

Trench	Lowest Daily HT holding（in HT）	Individual Cap (in USDT)
First Trench	1000≤x<2000	400
Second Trench	2000≤x<3000	800
Third Trench	3000≤x<4000	1200
Fourth Trench	4000≤x<5000	1600
Fifth Trench	x≥5000	2000",,,,,,,,,,,,,,,,,,,,,,,,,,,
hxro,200000,100000000,,,Private/Pre-sale ,2018-12,$ 0.02,"15.2x ( +1,419.5% )","41.75x ( +4,075.4% )","$ 200,000",,,,,,,,,,,,,,,,,,,,,,,,,,,,,,,,,,,,,,,
request-network,33600000,99987600,,,ICO ,2017-10,$ 0.0672,2.54x ( +154.4% ),"17.62x ( +1,661.9% )","$ 33,600,000",,,No / 6.7 ETH for first day,,,,,,,,,,,,,,,,,,,,,,,,,,,,,,,,,,,,
metisdao,150000,541000,1450000,30000,IDO ,2021-05,$ 5.00,8.48x ( +747.6% ),"66.4x ( +6,540.4% )","$ 100,000","20,000",,$100,IEO ,2021-05,$ 5.00,8.48x ( +747.6% ),"66.4x ( +6,540.4% )","$ 50,000","10,000",,,,,,,,,,,,,,,,,,,,,,,,,,,,,
bitmax-token,13672800,74298347,,,ICO ,2018-07,$ 0.0182,9.55x ( +854.9% ),"179.22x ( +17,821.7% )","$ 13,672,800",,,,,,,,,,,,,,,,,,,,,,,,,,,,,,,,,,,,,,,
lukso,220000,10000000,10000000,1000000,IEO ,2020-05,$ 0.220,"38x ( +3,700.2% )","187.51x ( +18,651.1% )","$ 220,000","1,000,000",No lockup,Min 160 USDT/ Max 320 USDT,,,,,,,,,,,,,,,,,,,,,,,,,,,,,,,,,,,,
origintrail,21513600,50000000,,,ICO ,2018-01,$ 0.100,3.44x ( +243.6% ),"34.4x ( +3,340.1% )","$ 21,513,600",,,0.5 ETH / TBA,,,,,,,,,,,,,,,,,,,,,,,,,,,,,,,,,,,,
storm,30716420,1000000000,,,ICO ,2017-12,$ 0.0113,1.2x ( +19.6% ),"21.82x ( +2,082.1% )","$ 30,716,420",,,No / 350 ETH,,,,,,,,,,,,,,,,,,,,,,,,,,,,,,,,,,,,
sperax,4700000,499077593,,23500000,ICO ,2020-08,$ 0.02,7.1x ( +609.7% ),"12.09x ( +1,109.4% )","$ 4,700,000","23,500,000",,,,,,,,,,,,,,,,,,,,,,,,,,,,,,,,,,,,,,
mines-of-dalarnia,900000,80000000,,12000000,IDO ,2021-11,$ 0.075,"13.28x ( +1,228.1% )","109.91x ( +10,891.1% )","$ 900,000","12,000,000",,Basic sale allocation $100,,,,,,,,,,,,,,,,,,,,,,,,,,,,,,,,,,,,
kyber-network,52000000,5402016,,,ICO ,2017-09,$ 0.380,6.16x ( +515.7% ),"15.79x ( +1,479.2% )","$ 52,000,000",,,,,,,,,,,,,,,,,,,,,,,,,,,,,,,,,,,,,,,
floki-inu-new,91600,1000000000000,,2000000000,IEO ,2021-09,$ 0.0000458,0.28x ( -71.8% ),7.46x ( +646.4% ),"$ 91,600","2,000,000,000",,,,,,,,,,,,,,,,,,,,,,,,,,,,,,,,,,,,,,
storj,30000000,42499999,,,ICO ,2017-05,$ 0.500,1.59x ( +59.3% ),7.78x ( +677.8% ),"$ 30,000,000",,,,,,,,,,,,,,,,,,,,,,,,,,,,,,,,,,,,,,,
band-protocol,10850158,10000000,,12368200,IEO ,2019-09,$ 0.473,5.71x ( +471.1% ),"48.75x ( +4,775% )","$ 5,850,158","12,368,200",,Depends on BNB Holdings,,,,,,,,,,,,,,,,,,,,,,,,,,,,,,,,,,,,
alpha-finance-lab,3670000,100000000,133333334,100000000,IEO ,2020-10,$ 0.02,"12.58x ( +1,157.7% )","146.15x ( +14,515.4% )","$ 2,000,000","100,000,000",No lockup,Allocation per winning ticket: 200 USD,,,,,,,,,,,,,,,,,,,,,,,,,,,,,,,,,,,,
goldfinch-finance,11000000,11428571,,,Seed ,2021-06,,,,"$ 11,000,000",,,,,,,,,,,,,,,,,,,,,,,,,,,,,,,,,,,,,,,
biconomy,23160500,100000000,188800000,52000000,ICO ,2021-10,$ 0.250,3.6x ( +260.3% ),"83.92x ( +8,292.1% )","$ 10,000,000","40,000,000","3-month linear release, starting around November 23, 2021","$100 min,  $1,000 max",ICO ,2021-10,$ 0.150,6.01x ( +500.6% ),"139.87x ( +13,886.9% )","$ 1,500,000","10,000,000","10% unlock on or around November 23, 2021, followed by a 6-month cliff, and following that 6-month monthly release","$100 min,  $1,000 max",IEO ,2021-12,$ 0.300,3x ( +200.3% ),"69.93x ( +6,893.4% )","$ 600,000","2,000,000",,,,,,,,,,,,,,,,,,,,
reef,3900000,1746733487,4215238096,,,,,,,,,,,,,,,,,,,,,,,,,,,,,,,,,,,,,,,,,,,,,,
bifrost,,236858407,,1000000,,,,,,,,,,,,,,,,,,,,,,,,,,,,,,,,,,,,,,,,,,,,,
metadium,,200000000,,49996600,ICO ,2018-09,$ 0.0425,1.5x ( +50.4% ),10.51x ( +951.5% ),,"49,996,600",,0.5/3 ETH (15 ETH for CEN Community members),Private/Pre-sale ,2018-09,$ 0.0325,1.97x ( +96.6% ),"13.75x ( +1,275% )",,,,,,,,,,,,,,,,,,,,,,,,,,,,,,,
prometeus,4850000,2000000,4000000,850000,Private/Pre-sale ,2019-01,$ 1.00,6.58x ( +558.2% ),"106.38x ( +10,538.5% )","$ 4,000,000","4,000,000",,,ICO ,2019-05,$ 1.00,6.58x ( +558.2% ),"106.38x ( +10,538.5% )","$ 850,000","850,000",,,,,,,,,,,,,,,,,,,,,,,,,,,,,
orchid-labs,48000000,100000000,,,Private/Pre-sale ,2017-10,,,,"$ 48,000,000",,,,,,,,,,,,,,,,,,,,,,,,,,,,,,,,,,,,,,,
quarkchain,20000000,1000000000,,,ICO ,2018-06,$ 0.0197,0.78x ( -21.8% ),"17.34x ( +1,634% )","$ 20,000,000",,,"0.0001 ETH / 0.693 ETH for the first 12 hours, and will double every 6 hours afterwards.",,,,,,,,,,,,,,,,,,,,,,,,,,,,,,,,,,,,
gensokishi,200002,40000000,100000000,10526421,IDO ,2022-01,$ 0.019,"49.1x ( +4,809.5% )","87.4x ( +8,639.9% )","$ 200,002","10,526,421","28 months lock up, 3,5 months release cycle, released in 9 installments of 1/9 each",,,,,,,,,,,,,,,,,,,,,,,,,,,,,,,,,,,,,
super-farm,1450000,99999807,,10000000,IDO ,2021-02,$ 0.025,"14.19x ( +1,319.1% )","189.33x ( +18,833.2% )","$ 250,000","10,000,000",,,,,,,,,,,,,,,,,,,,,,,,,,,,,,,,,,,,,,
mango-markets,70462384,500000000,,,Seed ,2021-08,$ 0.141,0.68x ( -32.3% ),3.62x ( +261.8% ),"$ 70,462,384",,,,,,,,,,,,,,,,,,,,,,,,,,,,,,,,,,,,,,,
aelf,24750000,88000000,,,ICO ,2017-12,$ 0.099,2.2x ( +119.8% ),"27.94x ( +2,693.6% )","$ 24,750,000",,,,,,,,,,,,,,,,,,,,,,,,,,,,,,,,,,,,,,,
yield-guild-games,13825000,100000000,132500000,25000000,IDO ,2021-07,$ 0.200,5.57x ( +457.5% ),"56.89x ( +5,588.9% )","$ 12,500,000","25,000,000",,$1000,,,,,,,,,,,,,,,,,,,,,,,,,,,,,,,,,,,,
nkn,12600000,100000000,,,ICO ,2018-04,$ 0.130,1.13x ( +13% ),"11.42x ( +1,041.7% )","$ 12,600,000",,,1 ETH / 10 ETH,,,,,,,,,,,,,,,,,,,,,,,,,,,,,,,,,,,,
bloktopia,5200000,20000000000,30571428571,2800000000,Private 2 ,,$ 0.000175,"62.27x ( +6,126.6% )","997.51x ( +99,651.4% )","$ 2,100,000","12,000,000,000","5% at listing, 10% distribution 2, 3, 4 & 5, 15% distribution 6, 7, 25% distribution 8",,IDO ,2021-10,$ 0.00025,"43.59x ( +4,258.6% )","698.26x ( +69,726% )","$ 100,000","400,000,000","10% at listing, 20% distribution 2, 3 & 4 & 30% distribution 5",,IDO ,2021-10,$ 0.00025,"43.59x ( +4,258.6% )","698.26x ( +69,726% )","$ 250,000","1,000,000,000","10% at listing, 20% distribution months 2, 3 & 4 & 30% distribution month 5",,IDO ,2021-10,$ 0.00025,"43.59x ( +4,258.6% )","698.26x ( +69,726% )","$ 250,000","1,000,000,000",,,IDO ,2021-10,$ 0.00025,"43.59x ( +4,258.6% )","698.26x ( +69,726% )","$ 100,000","400,000,000","10% at listing, 20% distribution 2, 3 & 4 & 30% distribution 5",
beta-finance,5750000,100000000,150000000,50000000,IEO ,2021-10,$ 0.06,3.75x ( +275.2% ),"76.67x ( +7,567.4% )","$ 3,000,000","50,000,000",Token distribution after the end of token sale,Max 20000 USD per user,,,,,,,,,,,,,,,,,,,,,,,,,,,,,,,,,,,,
ampleforth,5000000,8666978,,5269156,IEO ,2019-06,$ 0.980,1.07x ( +7.02% ),4.12x ( +311.7% ),"$ 5,000,000","5,269,156",,"Maximum Contribution : 1.313 BTC - 10,512 USD

Minimum Contribution : 0.00262 BTC - 21 USD",,,,,,,,,,,,,,,,,,,,,,,,,,,,,,,,,,,,
utrust,21000000,50000000,,,ICO ,2017-11,$ 0.065,2.97x ( +196.9% ),"21.69x ( +2,069.2% )","$ 21,000,000",,,,,,,,,,,,,,,,,,,,,,,,,,,,,,,,,,,,,,,
singularitynet,32847814,114026792,,,ICO ,2017-12,$ 0.100,0.87x ( -13% ),"18.2x ( +1,720% )","$ 32,847,814",,,No / 5 ETH,,,,,,,,,,,,,,,,,,,,,,,,,,,,,,,,,,,,
polkastarter,,10000000,,,,,,,,,,,,,,,,,,,,,,,,,,,,,,,,,,,,,,,,,,,,,,,
qredo,17250000,96000000,72160000,40000000,ICO ,2021-07,$ 0.500,2.6x ( +160.2% ),"19.44x ( +1,843.9% )","$ 15,000,000","30,000,000","2-month lockup, unlock on or around Sept 8, 2021",$100 / $500,IDO ,2021-07,$ 0.225,5.78x ( +478.2% ),"43.2x ( +4,219.7% )","$ 2,250,000","10,000,000","6-month lockup, 12-month weekly linear release",$100 / $1000,,,,,,,,,,,,,,,,,,,,,,,,,,,
alien-worlds,2513000,124047307,1049523809,,,,,,,,,,,,,,,,,,,,,,,,,,,,,,,,,,,,,,,,,,,,,,
electroneum,39934610,2100000000,,,ICO ,2017-10,$ 0.01,0.46x ( -53.9% ),4.15x ( +315.1% ),"$ 39,934,610",,,,,,,,,,,,,,,,,,,,,,,,,,,,,,,,,,,,,,,
e-money,2053500,11623054,8985000,300000,IDO ,2021-01,$ 0.500,2.87x ( +187.5% ),7.85x ( +684.6% ),"$ 150,000","300,000",,,,,,,,,,,,,,,,,,,,,,,,,,,,,,,,,,,,,,
xcad-network,3965250,19899813,33900000,7800000,IDO ,2021-05,$ 0.100,"33.73x ( +3,273.3% )","90.82x ( +8,982.3% )","$ 755,000","7,550,000","20% at the TGE, then 20% on a quarterly basis",$750,IEO ,2021-05,$ 0.100,"33.73x ( +3,273.3% )","90.82x ( +8,982.3% )","$ 25,000","250,000","20% at the TGE, then 20% on a quarterly basis",,,,,,,,,,,,,,,,,,,,,,,,,,,,
tomochain,8575000,10000000,,,ICO ,2018-03,$ 0.250,3.62x ( +261.5% ),"15.65x ( +1,465.5% )","$ 8,575,000",,,,,,,,,,,,,,,,,,,,,,,,,,,,,,,,,,,,,,,
kardiachain,1080000,500000000,816000000,750000000,Private ,2019-06,$ 0.0025,8.86x ( +786.1% ),"63.09x ( +6,209.1% )",,"816,000,000",6 month with 10 month vesting,,IEO ,2020-04,$ 0.00144,"15.38x ( +1,438.3% )","109.53x ( +10,853.3% )","$ 1,080,000","750,000,000",,,,,,,,,,,,,,,,,,,,,,,,,,,,,
gxchain,,10000000,,,ICO ,2017-04,$ 0.130,7.76x ( +676.1% ),"86.48x ( +8,548.2% )",,,,,,,,,,,,,,,,,,,,,,,,,,,,,,,,,,,,,,,,
mass-vehicle-ledger,9971500,3000000000,,,ICO ,2018-05,$ 0.0024,3.31x ( +230.6% ),"29.43x ( +2,842.5% )","$ 9,971,500",,,0.1 ETH / 300 ETH,,,,,,,,,,,,,,,,,,,,,,,,,,,,,,,,,,,,
augur,,696734,,,ICO ,2015-10,$ 0.600,"17.84x ( +1,683.7% )","205.4x ( +20,440.2% )",,,,,,,,,,,,,,,,,,,,,,,,,,,,,,,,,,,,,,,,
orionprotocol,7460000,10000000,37700000,,Private ,2020-06,$ 0.100,"21.26x ( +2,026.4% )","293.74x ( +29,273.8% )","$ 3,410,000","34,100,000",10% released immediately and 15% each month for 6 months,,IDO ,2020-07,$ 0.100,"21.26x ( +2,026.4% )","293.74x ( +29,273.8% )","$ 3,750,000",,No vesting,,,,,,,,,,,,,,,,,,,,,,,,,,,,
star-link,80968,1000000000000,,7367500115,IEO ,2021-08,$ 0.000011,0.66x ( -33.7% ),8.01x ( +700.8% ),"$ 80,968","7,367,500,115",,,,,,,,,,,,,,,,,,,,,,,,,,,,,,,,,,,,,,
aioz-network,1350000,100000000,73000000,16999999,IDO ,2021-04,$ 0.015,8.57x ( +757.1% ),"184.91x ( +18,391.5% )","$ 100,000","6,666,666",,,IDO ,2021-04,$ 0.015,8.57x ( +757.1% ),"184.91x ( +18,391.5% )","$ 155,000","10,333,333",,,,,,,,,,,,,,,,,,,,,,,,,,,,,
covalent-new,15260937,100000000,330422789,31400000,ICO ,2021-04,$ 0.250,0.91x ( -9.15% ),8.38x ( +737.6% ),"$ 2,100,000","8,400,000",24-month linear release; 1st release end of month 1,$100 / $1500,ICO ,2021-04,$ 0.350,0.65x ( -35.1% ),5.98x ( +498.3% ),"$ 4,025,000","11,500,000",Freely tradeable ,$100 / $500,ICO ,2021-04,$ 0.300,0.76x ( -24.3% ),6.98x ( +598% ),"$ 3,450,000","11,500,000",12-month linear release; 1st release end of month 1 ,$100 / $1000,,,,,,,,,,,,,,,,,,
itheum,6000000,100000000,200000000,50000000,IDO ,2022-03,$ 0.04,10.67x ( +966.7% ),"17.46x ( +1,645.6% )","$ 2,000,000","50,000,000",No lockup,,,,,,,,,,,,,,,,,,,,,,,,,,,,,,,,,,,,,
thundercore,500000,1000000000,,33333333,IEO ,2019-05,$ 0.015,0.51x ( -48.8% ),3.49x ( +248.8% ),"$ 500,000","33,333,333",,"100HT worth of TT tokens as basic cap, with an additional cap that equals the number of TT tokens equivalent to users’ minimum HT holding amount over 7 days period before launch (5000 HT worth of TT tokens at maximum for additional cap)",,,,,,,,,,,,,,,,,,,,,,,,,,,,,,,,,,,,
victoria-vr,13865920,1680000000,4230711863,137288135,IEO ,2021-11,$ 0.00295,"23.92x ( +2,292.3% )","212.87x ( +21,186.9% )","$ 300,000","101,694,915","10% will be unlocked on TGE, after 2 months cliff, the remaining 90% will be on monthly linear vesting for 9 months",,IDO ,2021-11,$ 0.00295,"23.92x ( +2,292.3% )","212.87x ( +21,186.9% )","$ 100,000","35,593,220","50% on TGE, 4 month cliff, then the other 50%",,,,,,,,,,,,,,,,,,,,,,,,,,,,
hathor,500000,86946448,,,,,,,,,,,,,,,,,,,,,,,,,,,,,,,,,,,,,,,,,,,,,,,
certi-k,39430000,10892482,38000000,,,,,,,,,,,,,,,,,,,,,,,,,,,,,,,,,,,,,,,,,,,,,,
cocos-bcx-token,44890000,6686063,22400000000,,,,,,,,,,,,,,,,,,,,,,,,,,,,,,,,,,,,,,,,,,,,,,
blox,,100000000,,,,,,,,,,,,,,,,,,,,,,,,,,,,,,,,,,,,,,,,,,,,,,,
unibright,13542375,15000000,,,ICO ,2018-05,$ 0.140,3.18x ( +218% ),"30.17x ( +2,917% )","$ 13,542,375",,,100 UBT / TBA,,,,,,,,,,,,,,,,,,,,,,,,,,,,,,,,,,,,
aergo,30000000,50000000,,,Private/Pre-sale ,2018-06,$ 0.200,0.92x ( -8.36% ),3.22x ( +222.1% ),"$ 30,000,000",,,,,,,,,,,,,,,,,,,,,,,,,,,,,,,,,,,,,,,
pond_uniswap,3000000,503375305,,,,,,,,,,,,,,,,,,,,,,,,,,,,,,,,,,,,,,,,,,,,,,,
aurory,108845573,10000000,,7000000,IDO ,2021-10,$ 15.55,0.44x ( -55.5% ),1.5x ( +49.7% ),"$ 108,845,573","7,000,000",100% of a Public sale supply will be unlocked,,,,,,,,,,,,,,,,,,,,,,,,,,,,,,,,,,,,,
dvision-network,100450,100000000,,205000,IEO ,2021-10,$ 0.490,0.54x ( -45.8% ),6.47x ( +547.3% ),"$ 100,450","205,000",,,,,,,,,,,,,,,,,,,,,,,,,,,,,,,,,,,,,,
safepal,7264600,50000000,75000000,50000000,IEO ,2021-02,$ 0.100,6x ( +500.4% ),"43.69x ( +4,269.5% )","$ 5,000,000","50,000,000",,,,,,,,,,,,,,,,,,,,,,,,,,,,,,,,,,,,,,
clover,57395493,100000000,125000000,187727469,ICO ,2021-04,$ 0.290,0.86x ( -14.3% ),7.29x ( +629.3% ),"$ 11,600,000","40,000,000",6-month monthly release period beginning on 11/24/2021,,ICO ,2021-04,$ 0.350,0.71x ( -29% ),6.04x ( +504.3% ),"$ 12,250,000","35,000,000",Freely trading 40 days from 04/24/2021,,ICO ,2021-04,$ 0.200,1.24x ( +24.3% ),10.57x ( +957.5% ),"$ 15,000,000","75,000,000",6-month monthly release period beginning on 04/24/2022,$100 / $1000,ICO ,2021-05,$ 0.200,1.24x ( +24.3% ),10.57x ( +957.5% ),"$ 7,545,493","37,727,469","12-month lockup, 6-month monthly release period",$100 / $1000,,,,,,,,,
wanchain,35990000,21000000,,,ICO ,2017-10,$ 0.340,0.99x ( -1.48% ),"29.19x ( +2,818.6% )","$ 35,990,000",,,0.1 ETH / 6.8 ETH for first day,,,,,,,,,,,,,,,,,,,,,,,,,,,,,,,,,,,,
melon,,212503,,,ICO ,2017-02,$ 5.83,7.38x ( +638.4% ),"46.32x ( +4,532% )",,,,,,,,,,,,,,,,,,,,,,,,,,,,,,,,,,,,,,,,
deapcoin,2000000,3000000000,3600000000,800000000,Private/Pre-sale ,2019-08,$ 0.005,2.55x ( +154.6% ),"19.12x ( +1,811.9% )",,"3,600,000,000",6 months after listing (will be released once every month over 1 year),,IEO ,2020-04,$ 0.0025,5.09x ( +409.1% ),"38.24x ( +3,723.7% )","$ 2,000,000","800,000,000",,300 USD/4000 USD,,,,,,,,,,,,,,,,,,,,,,,,,,,
concordium,52117000,1090984616,5454000000,,Seed ,2018-10,$ 0.00071,"40.37x ( +3,937% )","173.24x ( +17,223.9% )","$ 1,775,000","2,500,000,000","0% at TGE, 5 months cliff, vesting from 6th to 18th month",,Strategic ,2020-09,$ 0.0054,5.31x ( +430.8% ),"22.78x ( +2,177.8% )","$ 5,400,000","1,000,000,000","5% at TGE, 0 month cliff, vesting from 1st to 9th month",,Private ,2021-06,$ 0.023,1.25x ( +24.6% ),5.35x ( +434.8% ),"$ 44,942,000","1,954,000,000","5% at TGE, 0 month cliff, vesting from 1st to 9th month",,,,,,,,,,,,,,,,,,,
lto-network,950000,40193124,,,IDO ,2019-01,$ 0.0302,5.23x ( +422.7% ),"30.03x ( +2,903.2% )","$ 950,000",,,,,,,,,,,,,,,,,,,,,,,,,,,,,,,,,,,,,,,
handshake,10200000,204000000,,102000000,,,,,,,,,,,,,,,,,,,,,,,,,,,,,,,,,,,,,,,,,,,,,
carry-protocol,12879947,1000000000,,325000000,ICO ,2018-09,$ 0.0041,1.59x ( +59.1% ),"20.26x ( +1,926.4% )","$ 12,879,947","325,000,000",,0.1/20,,,,,,,,,,,,,,,,,,,,,,,,,,,,,,,,,,,,
mainframe,20600000,1000000000,,,ICO ,2018-04,$ 0.0041,1.49x ( +48.7% ),8.65x ( +765% ),"$ 20,600,000",,,,,,,,,,,,,,,,,,,,,,,,,,,,,,,,,,,,,,,
linear,2000000,1000000000,,47222222,ICO ,2020-09,$ 0.004,4.04x ( +304.5% ),"250x ( +24,900% )","$ 100,000","25,000,000",No lockup,Fixed cap - 500 USDT,ICO ,2020-09,$ 0.0045,3.6x ( +259.5% ),"222.22x ( +22,122.2% )","$ 100,000","22,222,222",No lockup,Fixed cap - 500 USDT,Private ,2020-09,,,,"$ 1,800,000",,,,,,,,,,,,,,,,,,,,,
acala-network,20400000,100000000,,47000000,,,,,,,,,,,,,,,,,,,,,,,,,,,,,,,,,,,,,,,,,,,,,
loom-network,45808270,100000000,,,ICO ,2018-01,$ 0.076,0.89x ( -11% ),10.19x ( +919% ),"$ 45,808,270",,,,,,,,,,,,,,,,,,,,,,,,,,,,,,,,,,,,,,,
elastos,94073200,2490236,,,ICO ,2018-01,$ 18.09,0.14x ( -85.8% ),5.19x ( +419.4% ),"$ 94,073,200",,,0.1 BTC / 0.30691 BTC,,,,,,,,,,,,,,,,,,,,,,,,,,,,,,,,,,,,
bonfida,600000,100000000,100000000,6000000,ICO ,2020-12,$ 0.100,9.17x ( +817.3% ),"287.74x ( +28,674.4% )","$ 200,000","2,000,000",,max $4000,IEO ,2020-12,$ 0.100,9.17x ( +817.3% ),"287.74x ( +28,674.4% )","$ 200,000","2,000,000",,"max 300 USDT + up to 2,700 BTMX or 27,000 BTXMP",IEO ,2020-12,$ 0.100,9.17x ( +817.3% ),"287.74x ( +28,674.4% )","$ 200,000","2,000,000",,min $150 / max $200,,,,,,,,,,,,,,,,,,
verasity,19151838,1931063653,,,ICO ,2018-09,$ 0.0075,1.57x ( +57.1% ),"11.52x ( +1,052.5% )","$ 19,151,838",,,100USD / 50000 USD,,,,,,,,,,,,,,,,,,,,,,,,,,,,,,,,,,,,
genopets,1160000,10000000,,1450000,IDO ,2021-11,$ 0.800,"17.63x ( +1,663.4% )","47.18x ( +4,618.1% )","$ 400,000","500,000",,,IEO ,2021-11,$ 0.800,"17.63x ( +1,663.4% )","47.18x ( +4,618.1% )","$ 200,000","250,000",No Lock-Up,Cap per user is 500 GENE,IEO ,2021-11,$ 0.800,"17.63x ( +1,663.4% )","47.18x ( +4,618.1% )","$ 200,000","250,000",,Token allocation per ticket: 250 GENE,IDO ,2021-11,$ 0.800,"17.63x ( +1,663.4% )","47.18x ( +4,618.1% )","$ 360,000","450,000",,,,,,,,,,,
velo,2000000,2799999894,,40000000,IEO ,2020-09,$ 0.05,0.85x ( -15.4% ),"40.17x ( +3,916.9% )","$ 2,000,000","40,000,000",,Max: 5 winning tickets or $250,,,,,,,,,,,,,,,,,,,,,,,,,,,,,,,,,,,,
swarm,15933953,6436600,26000000,5173934,ICO ,2021-06,$ 1.92,0.42x ( -58.3% ),"11.16x ( +1,015.8% )","$ 9,933,953","5,173,934","Tokens unlock on or around August 2, 2021",$100 / $500,,,,,,,,,,,,,,,,,,,,,,,,,,,,,,,,,,,,
bitmart-token,22260000,88586390,,300000000,ICO ,2018-01,$ 0.130,2.24x ( +124.5% ),3.27x ( +227.5% ),"$ 22,260,000","300,000,000",,,,,,,,,,,,,,,,,,,,,,,,,,,,,,,,,,,,,,
alpine-f-1-team-fan-token,4000000,4000000,,4000000,IEO ,2022-02,$ 1.00,4.55x ( +355.4% ),"11.48x ( +1,048.2% )","$ 4,000,000","4,000,000",No lockup,Hardcap per user $10000,,,,,,,,,,,,,,,,,,,,,,,,,,,,,,,,,,,,
